{"cameraMode":{"drawMode":0,"name":"Shaded","section":"Shading Mode"},"sceneLighting":false,"audioPlay":false,"sceneViewState":{"m_AlwaysRefresh":false,"showFog":false,"showSkybox":false,"showFlares":false,"showImageEffects":false,"showParticleSystems":false,"showVisualEffectGraphs":true,"m_FxEnabled":true},"in2DMode":false,"pivot":{"x":-0.33365893363952639,"y":0.6341696977615356,"z":-2.2930679321289064},"rotation":{"x":-0.021755661815404893,"y":0.9654392600059509,"z":-0.08566521108150482,"w":-0.24518491327762605},"size":1.9883607625961304,"orthographic":false}