{"cameraMode":{"drawMode":0,"name":"Shaded","section":"Shading Mode"},"sceneLighting":false,"audioPlay":false,"sceneViewState":{"m_AlwaysRefresh":false,"showFog":true,"showSkybox":false,"showFlares":true,"showImageEffects":true,"showParticleSystems":true,"showVisualEffectGraphs":true,"m_FxEnabled":true},"in2DMode":false,"pivot":{"x":0.10472089052200318,"y":0.006751105189323425,"z":0.014594107866287232},"rotation":{"x":-0.031073100864887239,"y":-0.9688647389411926,"z":0.17930833995342256,"w":-0.16790126264095307},"size":0.20779500901699067,"orthographic":false}