{"cameraMode":{"drawMode":0,"name":"Shaded","section":"Shading Mode"},"sceneLighting":false,"audioPlay":false,"sceneViewState":{"m_AlwaysRefresh":false,"showFog":false,"showSkybox":false,"showFlares":false,"showImageEffects":false,"showParticleSystems":false,"showVisualEffectGraphs":true,"m_FxEnabled":true},"in2DMode":false,"pivot":{"x":0.2475023865699768,"y":0.6226709485054016,"z":-0.2992206811904907},"rotation":{"x":-0.039433661848306659,"y":-0.9306907653808594,"z":0.1054384857416153,"w":-0.3480781316757202},"size":0.32407310605049136,"orthographic":false}