{"cameraMode":{"drawMode":0,"name":"Shaded","section":"Shading Mode"},"sceneLighting":false,"audioPlay":false,"sceneViewState":{"m_AlwaysRefresh":false,"showFog":true,"showSkybox":false,"showFlares":true,"showImageEffects":true,"showParticleSystems":true,"showVisualEffectGraphs":true,"m_FxEnabled":true},"in2DMode":false,"pivot":{"x":-2.6010608673095705,"y":-21.229999542236329,"z":2.188934326171875},"rotation":{"x":-0.00935017317533493,"y":0.6267238259315491,"z":0.007521160878241062,"w":0.7791508436203003},"size":65.30357360839844,"orthographic":false}