{"cameraMode":{"drawMode":0,"name":"Shaded","section":"Shading Mode"},"sceneLighting":false,"audioPlay":false,"sceneViewState":{"m_AlwaysRefresh":false,"showFog":true,"showSkybox":false,"showFlares":true,"showImageEffects":true,"showParticleSystems":true,"showVisualEffectGraphs":true,"m_FxEnabled":true},"in2DMode":false,"pivot":{"x":2011.8177490234375,"y":1041.4805908203125,"z":-9.526123046875},"rotation":{"x":-0.010809182189404965,"y":-0.006902411580085754,"z":0.00007547951827291399,"w":-0.9999229907989502},"size":416.71429443359377,"orthographic":true}