{"cameraMode":{"drawMode":0,"name":"Shaded","section":"Shading Mode"},"sceneLighting":false,"audioPlay":false,"sceneViewState":{"m_AlwaysRefresh":false,"showFog":true,"showSkybox":false,"showFlares":true,"showImageEffects":true,"showParticleSystems":true,"showVisualEffectGraphs":true,"m_FxEnabled":true},"in2DMode":false,"pivot":{"x":0.06383787095546723,"y":1.0370519161224366,"z":-0.022312790155410768},"rotation":{"x":-0.01248452253639698,"y":-0.9863396883010864,"z":0.08931918442249298,"w":-0.13788385689258576},"size":0.6909506320953369,"orthographic":false}