{"cameraMode":{"drawMode":0,"name":"Shaded","section":"Shading Mode"},"sceneLighting":false,"audioPlay":false,"sceneViewState":{"m_AlwaysRefresh":false,"showFog":true,"showSkybox":false,"showFlares":true,"showImageEffects":true,"showParticleSystems":true,"showVisualEffectGraphs":true,"m_FxEnabled":true},"in2DMode":false,"pivot":{"x":0.10688897222280503,"y":-1.3287181854248047,"z":12.966636657714844},"rotation":{"x":0.06300164759159088,"y":0.64240962266922,"z":-0.053119078278541568,"w":0.7619221210479736},"size":13.78843879699707,"orthographic":true}