{"cameraMode":{"drawMode":0,"name":"Shaded","section":"Shading Mode"},"sceneLighting":false,"audioPlay":false,"sceneViewState":{"m_AlwaysRefresh":false,"showFog":false,"showSkybox":false,"showFlares":false,"showImageEffects":false,"showParticleSystems":false,"showVisualEffectGraphs":true,"m_FxEnabled":true},"in2DMode":false,"pivot":{"x":0.10163870453834534,"y":0.9154471755027771,"z":0.11205326020717621},"rotation":{"x":-0.014400864019989968,"y":-0.9806172847747803,"z":0.17875611782073975,"w":-0.07900571078062058},"size":1.3386650085449219,"orthographic":false}